CREATE TABLE AIRCRAFT (  
AID INT,  
ANAME VARCHAR(15),  
CRUISINGRANGE INT,  
PRIMARY KEY (AID));  
INSERT INTO AIRCRAFT VALUES('1','AIRINIDA',200);  
INSERT INTO AIRCRAFT VALUES('2','VISTARA',500);  
INSERT INTO AIRCRAFT VALUES('3','KINGFISHER',600);  
INSERT INTO AIRCRAFT VALUES('4','ARABIAN AIRLINE',400);  
INSERT INTO AIRCRAFT VALUES('5','QATAR AIRLINE',200);  
INSERT INTO AIRCRAFT VALUES('6','INDIGO',1600);  
INSERT INTO AIRCRAFT VALUES('7','LUFTHANSA',1200);  
CREATE TABLE FLIGHTS (  
FLIGHT_NUM INT,  
SOURCE VARCHAR(15),  
DESTINATION VARCHAR(15),  
DISTANCE INT,  
DEPARTS VARCHAR(05),  
ARRIVES VARCHAR(05),  
PRICES INT,  
PRIMARY KEY(FLIGHT_NUM),  
FOREIGN KEY (FLIGHT_NUM) REFERENCES AIRCRAFT(AID) ON DELETE  
CASCADE);  
INSERT INTO FLIGHTS VALUES('1','MANGALORE','BANGALORE',123,'11','10', 10000);  
INSERT INTO FLIGHTS VALUES('2','MANGALORE','DELHI',300,'15','12', 25000);  
INSERT INTO FLIGHTS VALUES('3','MANGALORE','GOA',223,'9','6', 15000);  
INSERT INTO FLIGHTS VALUES('4','JAIPUR','BANGALORE',103,'3','2', 30000);  
INSERT INTO FLIGHTS VALUES('5','MANGALORE','DUBAI',1000,'23','22', 55000);  
INSERT INTO FLIGHTS VALUES('6','BANGALORE','DELHI',523,'11','10', 35000);  
INSERT INTO FLIGHTS VALUES('7','BANGALORE','MUMBAI',523,'12','10', 35000);  
CREATE TABLE EMPLOYEES(  
EMP_ID VARCHAR(10),  
ENAME VARCHAR(15),  
SALARY INT,  
PRIMARY KEY (EMP_ID));  
INSERT INTO EMPLOYEES VALUES('100','ASHISH',140000);  
INSERT INTO EMPLOYEES VALUES('101','MANOJ',130000);  
INSERT INTO EMPLOYEES VALUES('102','SHREYA',50000);  
INSERT INTO EMPLOYEES VALUES('103','VISHNU',45000);  
INSERT INTO EMPLOYEES VALUES('104','AMAN',55000);  
INSERT INTO EMPLOYEES VALUES('105','VAISHNAVI',75000);  
INSERT INTO EMPLOYEES VALUES('106','MADHU',65000);  
INSERT INTO EMPLOYEES VALUES('107','RAMA',23000);  
CREATE TABLE CERTIFIED(  
EMP_ID VARCHAR(10),  
AID INT,  
PRIMARY KEY(EMP_ID,AID),  
FOREIGN KEY (EMP_ID) REFERENCES EMPLOYEES(EMP_ID) ON DELETE CASCADE,  
FOREIGN KEY (AID) REFERENCES AIRCRAFT(AID) ON DELETE CASCADE);  
INSERT INTO CERTIFIED VALUES('100','6');  
INSERT INTO CERTIFIED VALUES('106','2');  
INSERT INTO CERTIFIED VALUES('102','4');  
INSERT INTO CERTIFIED VALUES('101','3');  
INSERT INTO CERTIFIED VALUES('103','5');  
INSERT INTO CERTIFIED VALUES('104','1');  
INSERT INTO CERTIFIED VALUES('105','2');  
INSERT INTO CERTIFIED VALUES('100','1');  
INSERT INTO CERTIFIED VALUES('100','5');  
INSERT INTO CERTIFIED VALUES('104','6');  
INSERT INTO CERTIFIED VALUES('102','6');  
INSERT INTO CERTIFIED VALUES('104','3');  
INSERT INTO CERTIFIED VALUES('107','7'); 
1. 
SELECT ANAME FROM AIRCRAFT A, CERTIFIED C, EMPLOYEES E WHERE A.AID=C.AID AND C. EMP_ID 
=E. EMP_ID AND E.SALARY >80000;  
2. 
SELECT E.EMP_ID, MAX(A.CRUISINGRANGE) AS max_cruisingrange FROM CERTIFIED C INNER  
JOIN EMPLOYEES E ON C.EMP_ID = E.EMP_ID INNER JOIN AIRCRAFT A ON C.AID = A.AID GROUP BY  
E.EMP_ID HAVING COUNT(DISTINCT C.AID) > =3; 
3. 
SELECT E.ENAME FROM EMPLOYEES E WHERE E.SALARY < ( SELECT MIN(PRICES) FROM FLIGHTS  
WHERE SOURCE = 'BANGALORE' AND DESTINATION = 'MUMBAI' );  
4. 
SELECT A. AID FROM AIRCRAFT A , FLIGHTS F WHERE A.AID=F.FLIGHT_NUM AND  
F.SOURCE='BANGALORE' AND F.DESTINATION= 'DELHI'; 
5. 
SELECT E.ENAME, E.SALARY FROM EMPLOYEES E  WHERE E.SALARY = (SELECT DISTINCT  
MAX(SALARY) FROM EMPLOYEES WHERE SALARY < (SELECT MAX(SALARY) FROM EMPLOYEES));